DATE,PBI,PELEC,CINTC,VOLINPUT,INDPRO,INGRESO,CREDMN,IGBVL
2004-01-01,3.67496599637409,4.22903151065802,6.86888991547326,-16.5324809515333,1.37359,-1.07705600849762,13.5145634035397,79.9130090945037
2004-02-01,4.24595911891139,7.3509768428937,6.46828947961398,9.21509547663796,1.84294,1.17387909726907,9.45336876491373,76.5785736774807
2004-03-01,5.77425697433645,5.43638215983699,7.7804937895819,-2.81255417040227,1.57144,2.60155778477091,8.22696581534948,94.7347488613766
2004-04-01,4.24799534215179,6.19489971007633,2.20196531003788,7.5944704112684,2.7645,3.19337118373366,5.00330403653432,59.8894015470213
2004-05-01,3.95075685370194,6.12444597939332,2.77065865458609,19.0052293115257,3.55004,0.972554872810383,4.77257313137193,61.8517535419224
2004-06-01,3.00998259699092,5.1916252661462,5.09432075723237,14.0540683029279,2.52478,1.90563700967126,6.05485970828809,58.1419052211652
2004-07-01,3.660956165388,4.27704576976422,-0.374674978854046,5.48390922799363,2.86179,1.95256507054316,6.51896353269782,52.7129939410973
2004-08-01,4.45023506212117,5.93278660320009,2.11487444880324,22.217433428355,3.08464,0.985134304066149,7.34353310194561,50.2873229932202
2004-09-01,4.7852471133977,7.00618459182472,3.44298310720542,20.5757554377525,2.56774,2.52859591901169,9.01919256988184,65.5265721944842
2004-10-01,2.62058005667627,4.42964793232873,0.239222200730467,-2.36660365307953,3.39833,3.26887569061101,12.7012375406343,68.092339202913
2004-11-01,9.457171900743,6.19419606262951,9.20751822017645,14.7145492875915,2.82291,2.44421392556569,10.670602377967,68.1272603873223
2004-12-01,9.79438004053079,8.16922987196046,5.18794665627454,32.7631545360123,3.65315,1.88901803578962,11.5922886274834,52.3749096524082
2005-01-01,5.35597311641658,5.39913877326456,6.53849838482613,31.3563642688439,3.86506,0.0143885127550369,12.3149395340395,42.196336996337
2005-02-01,8.1474128175264,1.66436346933199,9.89042412954878,17.9950690042908,3.94964,-3.12180736992294,13.2497227446076,48.4023565286688
2005-03-01,3.51107490542293,3.57409345894732,5.67921293107672,11.2094950096213,4.30349,-2.32026794449478,15.4480992376361,36.9971538877103
2005-04-01,3.5424146416408,5.21777657677736,17.9970459873073,13.0764035438945,4.00979,-1.0636087804446,16.9426318642838,40.9708813398686
2005-05-01,6.50889811528326,6.24394928676031,16.2598945836575,7.83909679154388,3.32657,3.43571994511904,18.5783470623991,34.1157498043959
2005-06-01,6.20539280505839,4.46749654218534,13.0997891064774,7.28268564681183,4.58506,4.50246982430274,18.960056198947,39.9241137946568
2005-07-01,6.29649721858796,4.06388270958374,16.4403957058494,9.39429725560301,3.45729,4.49408574930474,20.3286372453421,49.0321895627245
2005-08-01,7.06300307201133,4.97891573505129,14.5072895870929,12.2700813433532,3.66561,4.85548776089961,23.3795265059774,61.7775407972835
2005-09-01,6.05312105189169,4.98274105259033,12.7059297930413,1.06890062436163,1.64493,2.24585885882904,24.2005329557028,54.6550567280712
2005-10-01,6.49266528282106,6.70853619668566,12.3225594996552,7.75451966953168,1.95618,1.60666521677608,25.292613081345,34.3823070652711
2005-11-01,9.39989740117377,6.8544460609918,12.2401792739125,26.1771663751757,2.7741,1.24706792326268,29.8956286487912,39.1951823751908
2005-12-01,6.88336698705256,5.75756832577903,12.8155995717636,-7.03862015599872,2.65621,2.71185507515976,35.5409313062566,29.4270952649182
2006-01-01,7.1017016443008,7.66554653686702,10.9203563133001,5.62400467871013,2.30623,3.90586517940739,36.8609807405755,45.1202485342456
2006-02-01,5.60815182888319,7.88610118029696,9.96511366658451,8.09241596513654,1.61164,5.47042656472261,39.4428787639298,49.0998612153222
2006-03-01,12.0795001803328,9.00921764458932,13.7403815995348,21.5344365872513,1.98276,3.21789701237825,39.6258882755703,42.3590656070789
2006-04-01,5.40297358027555,4.37617474136524,-0.810083023994114,5.54994785330069,2.21959,2.77209521621076,39.2255077192118,79.1871640046259
2006-05-01,6.09980733591262,5.22802651851838,13.6482785653996,11.0425948838344,1.98357,2.82016816276403,38.0606027513948,83.7209006098835
2006-06-01,7.48071786155011,7.37889967804749,9.14086179220475,20.5556032377915,1.98429,3.13308763903386,39.2923666441655,101.97272459368
2006-07-01,6.51377282433494,9.21000885838717,7.03328595151628,17.4975951648959,2.27021,2.36262628541106,38.8212424167336,113.109766958058
2006-08-01,10.3209217546199,7.95087666973499,20.7981842010744,2.59204620992124,2.39055,2.43977614816342,36.7973326856248,117.096076118445
2006-09-01,8.13940397413706,8.07781421137487,18.3565208359026,12.7004175093897,4.12662,5.33451318441864,36.6316905914262,104.904128121037
2006-10-01,8.70194068649597,8.30068977159722,17.9986081093709,39.2809666265367,2.77088,6.29782060343433,35.5909408882921,124.470074616684
2006-11-01,4.74313280864553,8.45827628997417,19.7018478478702,11.2693550472794,1.64192,8.48623026427344,34.3826956818315,128.083546868482
2006-12-01,8.59943457160925,8.29862058930817,11.0017424421331,27.7919752013282,2.066,9.20164610219523,30.8101819064667,168.295070019262
2007-01-01,5.00805166262359,9.40668564095644,12.73606057569,24.1673900626726,1.41556,6.72964115573618,30.3268904790287,142.012173582722
2007-02-01,4.78195152534824,9.2932555232878,5.87615150354677,30.5346061957562,2.43354,4.5252899603158,29.8229821968434,149.161935836124
2007-03-01,6.01563770401576,10.4450276138739,12.2462827730434,12.9947724121622,2.44581,7.79397297426183,30.236390417971,189.719111561524
2007-04-01,5.29303442039806,11.2394156735582,14.460923972153,14.9011541638159,2.7538,4.46571703154663,33.7975270619386,189.444372889519
2007-05-01,7.14270709678935,11.1677925985752,19.6418822402239,15.5609274212886,2.90729,3.61589239134807,35.5984468641118,179.123975445355
2007-06-01,6.50338902940897,11.3464783612075,21.1054567730629,16.8923388877894,2.54233,1.2511186295481,37.3029080493747,174.233061134407
2007-07-01,10.2979416822854,11.9963672154359,25.0994100304438,28.0325701848571,2.5417,3.14117070527447,38.914637797289,160.964775917153
2007-08-01,9.34870799141561,9.45115763486545,14.1904469886452,30.5163306625699,2.36767,3.2376162108116,39.0213817987208,108.21378452749
2007-09-01,12.906049707205,8.12565647097642,12.0455938673907,31.5256857109814,2.97272,0.784967896910582,41.0708322720886,110.035860231715
2007-10-01,11.9031888749323,9.52976002605683,21.5675867396749,11.428226667042,2.59663,1.83326827481134,38.6337311215634,102.872400308943
2007-11-01,9.83594188751387,9.1720038702154,14.6563536495821,5.46488832512373,3.30003,2.60591691695373,38.8551023731268,58.9907519414478
2007-12-01,12.5370010771474,9.67995459858649,19.7729933148655,18.6502892955157,2.24839,2.62422628716177,38.5549787279385,36.0176805700004
2008-01-01,9.52328069371005,9.02290778216005,21.0793777770041,31.8607559408373,2.50612,6.14952907864634,40.9769301434647,10.0940458185477
2008-02-01,13.5713406971428,14.3033792447786,22.6269279104577,14.2180303782178,1.1427,9.5975999981837,40.8559533766643,17.267803420823
2008-03-01,7.64979388688554,8.07445591332711,12.9309258091075,13.1877209888051,0.68384,9.3006847325003,40.1175222949523,1.36799663262368
2008-04-01,14.1270773815658,10.9209028585138,32.0308858275875,42.5290377871164,-0.77621,12.6390708144513,40.7592311993215,-15.694677283144
2008-05-01,7.04203332728886,7.63621636873807,15.0600666534504,19.1278803951378,-1.38321,11.4583115469448,41.9390777111675,-14.8970913336148
2008-06-01,10.8198668497103,9.77553367191876,19.4105967338675,41.0367728069609,-1.64228,13.9123764311067,42.9002006234146,-27.1481585806965
2008-07-01,9.54387262946998,7.13632172454836,18.1948392197741,22.1512720204288,-2.12633,13.2354271560492,42.9180623804557,-41.2189338449588
2008-08-01,8.79831644464635,9.27765004487611,12.9326116962107,13.3318270791504,-3.83779,13.3201462574738,43.3644938370137,-36.2599334365013
2008-09-01,10.4754558978029,10.8234655278354,22.9648721747337,25.243294157905,-8.36288,13.6648686790724,41.418306913035,-48.4571634902655
2008-10-01,8.22667681823015,8.21962066568457,9.95210761742353,14.8823718627511,-7.09903,13.4246724666332,46.9432716165166,-67.4827055526134
2008-11-01,6.28595015559224,4.60329051467751,7.5117426557099,5.60617274978467,-8.80373,13.0604400423951,47.6292516321473,-59.435187503047
2008-12-01,5.01516026270279,2.87972409460794,9.71094455992196,-9.45028489821097,-11.47992,12.3000174919203,46.9402356171994,-59.7788618294428
2009-01-01,4.56592973968344,3.32974732346345,3.09002540013052,-23.1247882177399,-13.34889,11.6258236369984,45.9626106601883,-53.994675542539
2009-02-01,0.30782040615569,-1.67475406042635,4.38862084335129,-25.5341166124448,-13.61788,12.1450384161711,44.329258603321,-62.4486827782387
2009-03-01,2.88741338224354,1.64098969534575,5.73139533784102,-15.456847839711,-14.78591,8.94286617902602,43.4589120270537,-46.8717990598977
2009-04-01,-1.341565677856,0.279162338846794,-2.66165032689217,-27.2511746759949,-14.82082,7.02615432721381,39.1113598611776,-42.746848239294
2009-05-01,1.87630841126134,1.88704128253783,-0.531013485051568,-17.9561612326127,-15.20163,7.25576634809566,35.7710899554221,-21.8233951849273
2009-06-01,-2.96224502123915,-2.84692445493284,-1.91900782736431,-37.2788402757639,-15.33412,6.97111929423324,31.6162519072561,-19.8494903329268
2009-07-01,-1.42696530130618,-2.67326788147489,5.80184100011733,-22.7372142642068,-13.94709,6.50052294128982,29.5345861869817,2.37238884308177
2009-08-01,0.801714646933638,-0.435019360871916,4.92244918053559,-19.5653431108603,-11.63078,7.51037213752142,27.7044393198124,5.02701051069356
2009-09-01,0.127126344192341,0.249597934830529,2.45179945048402,-25.9830193340826,-6.92564,11.4897179942173,26.5339135259289,34.6340197112128
2009-10-01,1.17784102852969,-0.470286547832751,9.6222974926602,-4.76871756917624,-7.50746,11.2213007549223,22.3307443622138,101.466469360911
2009-11-01,2.68329855846594,3.87046751173615,12.4654853998716,15.3572637671727,-5.9577,8.21196441280452,19.8751889227959,90.7906285868611
2009-12-01,4.19772391263185,6.82201748567423,10.8292622667462,16.9547856222077,-2.82986,6.69201788416192,17.936747945073,100.991108960981
2010-01-01,3.04808184779413,5.94322637965555,10.8689729434766,12.8304584254574,0.68862,6.61245916070521,16.7956870906969,109.119253221035
2010-02-01,5.07470192246149,6.51088853432183,15.9255885579728,36.3313304726947,1.7068,3.46277751189683,17.0472004480303,109.87571420863
2010-03-01,8.13299018180953,8.49330994440583,25.2386346902783,41.1565739443589,4.02546,4.20356792753227,16.5550633694087,63.7754190730327
2010-04-01,7.97407887487125,8.38752610160153,19.730323148376,38.8920732261189,5.25222,3.60173319283923,17.8749478234213,58.7529649199985
2010-05-01,7.7078414294204,7.9825528059256,19.1955458905346,25.6215824369888,7.87526,1.28516317855785,18.7503563670532,8.1766571313153
2010-06-01,13.1099179780282,12.4643555319299,22.2359759299898,55.5641728900717,8.45888,1.33522727272726,20.648015134291,7.08523166688362
2010-07-01,10.0947549487143,12.8627018593478,12.6572263863834,39.4506587110838,7.74863,0.320694208639871,21.7547744166821,1.30116193420105
2010-08-01,8.93690399879412,9.17517936384931,13.9503386361984,43.0125934068442,6.88145,1.05223950088462,21.660756412366,8.58414460946244
2010-09-01,10.3065916388585,7.75648992214036,22.0262882364016,38.0075552560533,6.32282,-5.45290671473637,20.6777549824203,17.9815374862984
2010-10-01,9.63126902119487,9.58393002572471,10.1700350855592,13.3509604225426,5.70262,-2.26309620412947,19.5947965774373,35.2297175791534
2010-11-01,8.9214083944759,9.00015152968224,22.8956879266676,11.9930995409121,5.31429,2.13037144938091,19.7154269085762,47.6006794536061
2010-12-01,7.9039226510546,7.56957145422355,15.5560423666966,22.2635460846778,6.01093,2.57976298997264,21.1773931893582,64.9907532892879
2011-01-01,9.84835366495798,9.06728428801959,7.21655904283477,24.7453876112013,4.66071,3.16166592028662,21.4826260210891,58.4945812125619
2011-02-01,8.29323008372971,9.35417286840923,6.68435071105796,18.7972732957523,3.82786,3.72042622358677,21.5337880171784,63.1369658742266
2011-03-01,7.93187487265463,8.24476692247289,1.38980101203032,15.5974948054326,4.1739,5.90843286283025,21.5437448907874,45.1351047656818
2011-04-01,7.72231004305279,8.11267272394741,-0.601847498155195,13.1235137612287,3.41616,6.24311421226589,21.0351356700272,23.9483508034839
2011-05-01,5.69061704950165,9.37455605374435,3.76009228693851,31.8009183660849,2.16119,9.0071455434374,21.5613955270275,48.8617969795635
2011-06-01,3.06777022046789,8.62056149780632,-1.02460174519632,4.4364611587517,2.3038,10.7746939538361,20.7245123041083,34.9929674701698
2011-07-01,6.15165235102697,8.29229835104366,0.33402323771578,-3.32760988928419,2.39907,12.5799172621286,19.6030002638405,53.8529972582166
2011-08-01,6.54512903915521,9.59046880685873,7.12492701182333,3.70016604831853,2.65732,12.8556948028013,19.4354121401381,36.5845659006964
2011-09-01,4.92150859467404,8.80668655872012,-1.12394350137696,6.15645106594067,2.39682,17.4356530028599,20.1750217633696,2.58426538671632
2011-10-01,4.50843034869675,8.26504031918875,8.43742340657824,0.9486634404313,3.37637,16.4667896678967,21.0800059140899,2.12632791441414
2011-11-01,4.75410204221201,7.70210249621088,-0.583278001504256,4.87943642745981,3.26367,13.6922802638617,20.5995725467217,-4.52027140425328
2011-12-01,8.70490846422927,8.12014131695785,8.62536072585423,6.74838266565651,2.83958,13.2853461299209,20.3718770770765,-16.6884781195975
2012-01-01,5.33005767091035,5.56857442837664,12.8896722858096,11.0233234365884,3.60249,11.5471436013197,19.790438974504,-4.1041777990607
2012-02-01,6.93196215782412,7.78823522526939,11.4622740661575,8.49190950876501,4.29763,12.1800452725057,19.1648752140472,-0.499978986961402
2012-03-01,5.68625314882143,6.34558501361731,15.5684622654329,0.438105549853918,2.78943,13.1311405382315,18.8185518213956,7.53515087562375
2012-04-01,2.8454933090069,5.58666516754045,16.1917215797375,-0.477823424299414,3.93461,13.7573453162807,17.6928395696108,15.4903031235136
2012-05-01,6.7504907482125,5.78123356742048,15.6918424803772,9.0795679399149,3.89744,11.9630843539762,16.6376783503059,-2.63613166422996
2012-06-01,7.3539123634218,5.06335892086446,20.0934086523332,7.67757286378781,3.57852,9.71823856925931,16.9854355496797,7.03636569735968
2012-07-01,7.07739620583969,6.69625024857899,23.1516954696301,29.7050973925467,3.30096,8.43494237514615,17.334738165985,-10.6342000901512
2012-08-01,6.86592540823363,6.22999547731221,17.3039515640036,15.6429904022096,2.2349,8.22970335834605,18.2874767598427,-1.86233730216441
2012-09-01,6.57781498898209,5.25261937859475,18.865861971853,5.19706631516204,2.30979,6.0962740482182,18.4365689832138,18.2534330654533
2012-10-01,7.19821668864047,3.31898730417956,17.0228667607412,24.937090542199,1.82512,3.90495049504951,17.1068512529895,5.90831309606956
2012-11-01,5.86807544512933,6.83009170909909,16.8735976570644,14.6847903914026,2.39792,3.94386074956876,16.3766097765831,0.666940540844574
2012-12-01,3.23022669980568,5.87909060914165,4.23455808308236,-2.158167989023,2.19319,4.03984938813933,16.0027044088131,5.93435970855065
2013-01-01,6.06656978987707,7.36207332908693,18.6466716625493,5.83618761121879,1.43663,5.13698630136987,15.4790185556035,-2.33633298964327
2013-02-01,4.83234606150951,4.83069988397503,14.1373431921309,2.35438964660813,1.78598,4.65657741559953,15.3677781568376,-9.31450255733377
2013-03-01,3.38430781875971,4.83179238203405,3.04226703513558,-5.09889138607049,2.67893,3.73810602628002,16.0919078945121,-15.8947434399937
2013-04-01,8.6996653802089,7.44506339556839,24.3936181422185,9.79107038401469,1.73753,4.34518383470068,17.0869567170487,-23.4810231798052
2013-05-01,4.23415371230604,7.06045149205957,12.4529140553642,7.20136747222353,1.65367,5.88552499807411,17.2996335000103,-23.5642141277367
2013-06-01,5.9137696795325,7.32932707565932,6.93444645701781,-4.34566071840568,1.88073,5.35137628786715,17.7660200417821,-23.0493052957467
2013-07-01,5.33545086552558,7.0657941380129,11.1942819291349,-9.55273342123766,1.18104,5.83795440542205,18.0724896446544,-22.9730734938224
2013-08-01,5.58528253041417,5.35159931594181,8.18762980175247,0.851966615949349,2.33807,5.20558279894379,19.4304869986948,-18.0164496648723
2013-09-01,4.96971638698545,6.28542443877216,0.0925115490644083,-1.58177315779911,2.81478,8.63045141545524,20.4721262406184,-26.5519527524834
2013-10-01,6.32142356675873,9.09481993771897,8.19337689730945,-3.99201127588838,2.41758,8.53788687299892,21.959009682705,-21.4888253201991
2013-11-01,7.46682950605859,5.0277783891364,3.50929648822827,-9.85678527673751,2.22547,8.64448970355283,23.1118955353533,-24.1671830146942
2013-12-01,7.12637379344541,5.20755148416581,6.55011512345276,1.7822602202067,2.17544,8.02985749830356,22.5720645134384,-23.6347727873152
2014-01-01,4.23657346025084,5.85596396397303,1.47759011238841,-6.73606379070652,1.88573,7.9730530056263,23.2687456273566,-27.9130349997597
2014-02-01,5.24655604083648,6.93389873357664,6.74669154097515,-2.66768698053259,2.16194,6.60734149054505,24.72394765024,-25.0849033169543
2014-03-01,5.34238872110351,6.90677904165381,5.98999999999999,0.538244383037691,2.72808,4.89917740409114,24.917942083835,-27.9976030958334
2014-04-01,2.91769470669991,5.07285752692081,-4.47,1.30536705003648,2.95239,4.17880023296449,23.8632160476714,-10.5143111361085
2014-05-01,2.58240819968008,5.282044691102,4.59930863413303,-9.03733423744008,3.21148,4.56893415787558,23.9285597221321,-1.84676924418913
2014-06-01,0.399902368443894,4.94259716535491,3.53,9.39029077596685,3.38699,7.11574952561669,22.0538632141176,7.15602702329006
2014-07-01,1.53802628054764,4.95117089364154,-1.91,-3.52374627583492,4.03397,8.73235336923301,20.696307856106,11.5594445466007
2014-08-01,1.37135019030175,4.57133093238786,-0.649999999999999,-6.63341928439367,3.23699,8.97812836141987,19.040744034834,2.15346662487044
2014-09-01,2.71330303144091,5.28345002733885,6.11,9.18332839008954,3.01489,7.5292294689393,17.9136624561257,1.9277989360359
2014-10-01,2.26877072852969,5.16617856973622,-0.909999999999995,1.00694363892601,3.21698,8.18935243714005,17.7199637739926,-3.97487809405828
2014-11-01,0.136550331263741,4.87832913346684,4.5,7.0064184894358,3.71993,7.21377490800528,17.817430399976,-0.618010052367046
2014-12-01,0.84374691990563,4.69874343756566,4.78,4.50540219727212,3.25554,8.10999441652709,17.7446814271828,-6.08957289263123
2015-01-01,1.56726046813316,4.98166541625625,0.0299999999998927,3.20121738813344,3.17265,7.15803908124786,17.7071072685726,-11.5341977278096
2015-02-01,1.21590221270089,3.74470688106519,-5.73,6.98386126833265,1.78663,9.43934335002783,16.8416321524652,-13.2362255411799
2015-03-01,2.97028309532414,5.67986108959335,1.32000000000001,9.0161184268132,0.53304,10.235947258848,18.8850514519305,-12.8478934073343
2015-04-01,4.17368616190392,5.45363123331807,-4.25000000000001,-6.47622101696577,-0.10503,9.4409503843466,21.6553434818991,-13.9198036111945
2015-05-01,1.34706766136727,5.39798004732971,-7.51,-4.17883481213271,-0.89606,8.23071035970222,22.7150750496208,-16.3308523637979
2015-06-01,4.06442184048488,5.70247113298132,-0.391465680229865,5.73600822218382,-1.60396,4.38781767391154,24.2117893492027,-21.3002662300718
2015-07-01,3.56540790798052,5.38302285731059,-4.26827010343606,0.541475959375673,-1.22273,1.7601392049257,25.7710182381832,-28.9230982677055
2015-08-01,2.69164041714216,7.06142798437486,-0.977815434720513,1.16536443431972,-1.26684,1.23050602092518,27.7511806757134,-39.2119251158968
2015-09-01,3.23224642082363,6.98534992637296,-0.900785850010636,-3.01759556009131,-1.92508,2.01087312504093,29.4644094638023,-38.1844390171453
2015-10-01,3.36024953612919,8.06150270705443,1.59191496671277,-5.92721554306245,-2.30367,2.32407166969617,28.9299647430709,-32.7152731121792
2015-11-01,3.99583928283964,7.90484463060179,-3.59370991519791,3.1785229255875,-3.72836,4.18339593316928,28.7125079555334,-32.3012141825418
2015-12-01,6.53685421975596,10.9158955305882,0.229582089438985,3.08811745561831,-4.13779,3.29244673983216,28.0372426980595,-33.4299244574945
2016-01-01,3.64670756746839,9.43765300365475,1.26276534325155,0.255507692008996,-2.85722,4.06935824428945,28.905938032616,-31.2948708757566
2016-02-01,6.4770786483938,15.6748821572758,4.51876879862542,-4.90693454256354,-3.0538,3.419563973813,28.1829094171584,-19.8189651440352
2016-03-01,3.71297457275372,9.42571397706908,-1.05073545102093,-3.96345561207794,-3.54829,3.5757003462386,24.0541328210007,-3.2409417251587
2016-04-01,2.85025704289894,10.7830505461931,3.88900991089661,-2.31810629412333,-2.88011,5.15931294297938,21.4869396370036,2.51076168973117
2016-05-01,5.05234798666834,8.03755774023323,2.41153272518337,-3.93526944712317,-2.54088,3.47132939058885,18.5590025972905,2.69608159258181
2016-06-01,3.73922990643485,6.68063303334615,-3.82396920328456,-3.90063467205445,-1.77665,5.56752170223878,17.0351519808786,5.67162631156311
2016-07-01,3.80016640526206,8.03713365909165,-3.84046024731442,-8.02829566576346,-2.10095,6.37948043406773,15.4915989991122,26.8862384341518
2016-08-01,5.9187557230433,8.04391783584663,-4.44016545007208,6.82362045555978,-2.03663,6.61076443057722,11.9857456399066,46.3194897756889
2016-09-01,4.59269706767009,7.98745375682404,-6.72567177713085,-1.27255149247766,-1.66617,5.49634005393604,9.49330015307999,52.5035965054827
2016-10-01,2.26645071842964,6.18374512134535,-11.1628134608224,6.80418462780321,-1.11134,5.46250475827941,8.45332281867437,43.8600982960812
2016-11-01,3.51799999999995,7.05958933601902,-5.14134021443674,-1.1114845066392,-0.61926,5.20263550472402,7.59510465636037,50.7297917548737
2016-12-01,3.3834881779645,5.87836807945695,-4.75629180585373,-1.72199343004236,0.80969,4.68125000000001,7.17019607832073,58.0628292984072
2017-01-01,5.0837184541898,6.57223251798123,-6.5238170998257,0.143017595215339,0.08169,2.64986166615431,5.5280594804632,70.1897604729212
2017-02-01,0.810917519603627,-1.577119111674,-4.51606248010677,5.03191795451422,0.41615,1.22918075102945,5.09599399697399,46.7682102066711
2017-03-01,1.01055892294393,1.07932939909131,-5.65725491019473,7.83071200713639,1.9006,1.47085637877591,4.44666742878158,30.6775706941407
2017-04-01,0.323350180256532,-0.405689073857203,-8.84469106209368,-0.951475206049583,2.71423,-0.722569676361651,3.52775621967375,13.5510605022306
2017-05-01,3.53259702773538,3.34036116561578,-1.85415128713944,16.2132306630761,2.94105,0.813866799204788,4.04222336991821,18.2041626865308
2017-06-01,3.89627844157014,3.55289553059957,3.45240578399762,-2.33902962146027,2.66033,0.389514034870775,3.923316614016,16.4248136307544
2017-07-01,2.14402520080845,1.18270258156133,1.40744673263333,7.98873134092564,2.35988,2.26893353941269,3.94492516756375,10.1190127914262
2017-08-01,2.77324980821492,1.96174465181054,3.52150828839563,3.68730030841094,1.96667,1.66453265044815,4.79090558994542,16.431993147498
2017-09-01,3.2927927865525,1.58442524149239,4.19,-4.13820948654948,1.96232,-0.401704199634811,5.15587481627111,18.2417705978566
2017-10-01,3.5772413173506,0.98639405206303,6.58859131667154,14.0758269826016,3.30587,-1.28737291704264,5.22033108526621,31.0003796707411
2017-11-01,2.01850306954643,0.140478452486314,4.07342876643558,3.1989148532811,4.05906,-0.915805022156568,4.8198317282694,27.9417345606252
2017-12-01,1.4189428142408,-0.593908068631519,6.67218203615834,5.61654867983157,3.50526,0.997109779087713,5.30883503654416,28.3126570634215
2018-01-01,2.81999999999967,-0.390390239490122,6.54638589352634,7.53132158479942,3.13374,1.92860565404889,5.98926510757821,31.8127872021622
2018-02-01,2.6400000000004,1.76117421899894,4.64499894027337,2.07702237570324,3.89097,1.54210430453525,6.48345753671996,32.1300357982814
2018-03-01,3.86999999999991,3.37998400862178,4.47424869938414,-1.98993867651297,3.78245,0.922431865828099,7.44495234782739,30.4742460657193
2018-04-01,7.94000000000004,6.16087112347956,7.93504226569378,15.655888394659,3.78836,2.60550458715596,8.48220830598257,37.7238050554974
2018-05-01,6.70000000000024,2.97486305581675,7.84756966178885,4.88766904582334,2.82628,1.54680470820237,9.02312722376228,30.0886620566897
2018-06-01,2.10999999999997,3.38832224620769,-0.0384663412341704,5.13764417426472,3.4286,1.60128102481985,9.27187714040951,22.7324090505905
2018-07-01,2.62000000000022,3.89505608589641,2.48398149011385,15.2217805118058,3.93074,-0.356667875710315,9.49803297508191,22.3015647005374
2018-08-01,2.38000000000007,2.55298938389694,1.44053478171765,3.28412611779971,5.26404,1.5413218183999,9.70737872460848,10.3691211164117
2018-09-01,2.47999999999984,3.2450125122511,2.57743925917805,6.4044178826955,5.40576,2.22439501344414,10.1102238787352,8.16396147156422
2018-10-01,4.07999999999973,5.13619730557684,4.82363711172173,-1.71674605331277,4.05931,2.38893290267534,10.9383233931218,-4.85415203289503
2018-11-01,5.10999999999995,5.58890789557392,6.97878356916617,8.30268926111906,4.06213,-0.584376863446623,10.8025248932199,-2.74416925512291
2018-12-01,4.74000000000041,6.77734430550397,0.75095870066397,-0.472277006501417,3.76924,-0.744891657749536,11.5925283244229,-3.12390171810089
2019-01-01,1.77000000000056,5.68304486825651,1.37904626790492,7.27905544765816,3.62582,-2.32694793747796,11.7387909138607,-4.16737663920596
2019-02-01,2.21974932895392,5.63078875338496,0.913819809842543,4.06328103467032,2.73926,0.382660687593428,11.2142836119689,-1.04326178559873
2019-03-01,3.40182442400667,6.34835763440031,5.34176835209392,3.90597549161304,2.26495,1.3947415276871,11.6526396550165,2.62286199026793
2019-04-01,0.120000000000298,3.25684518893465,2.95069128939442,-1.43809880259003,0.70826,3.13543156890796,10.6398661345611,-2.48431321124876
2019-05-01,0.742006332487688,4.60069697688076,4.5096676048927,2.40918779691004,1.73475,3.65942468746208,10.6639171949747,-4.28321119769158
2019-06-01,2.77196440698764,3.73546786157085,11.9048774718874,-7.69027569954208,1.02311,1.98824028611262,10.7189986852396,4.15413736991335
2019-07-01,3.75905453468792,4.71304720144782,11.424604871675,-3.24645507679602,0.3987,2.28113814232846,10.6093293343017,-2.57965060539733
2019-08-01,3.60999999999962,4.25694661169644,7.52365487660019,-0.891702509519838,0.30103,0.950918433642434,10.7675005920562,-1.72997015395171
2019-09-01,2.34178435165449,3.05504673339456,5.00120360118193,5.61192479834771,-0.18455,3.95743663318986,10.3827974260062,0.197504915899405
2019-10-01,2.39296036876342,2.93897604240215,6.16350001009428,-5.46931061103503,-0.80925,4.11880245223499,10.6926603193082,5.26441875469341
2019-11-01,2.0700000000003,2.76479424738115,0.470284041922212,-6.85204469226235,-0.42341,5.51823416506718,10.5413605030505,4.67666650852381
2019-12-01,1.1510634664142,2.11603210075433,-0.92908440417442,1.73636891966271,-0.8131,5.25312686122692,9.78134124042701,6.07599842897304
2020-01-01,3.03669537424085,2.37370906617924,-0.270021955176312,1.26286793904567,-0.84818,7.77884731079292,9.45856454518902,-1.76302457496877
2020-02-01,3.73000000000032,6.22054733891667,4.00752853231094,1.57573626331621,-0.24324,6.64720948239919,10.2110456285424,-11.4004981942278
2020-03-01,-16.2500000000005,-12.8718590566333,-51.0407041986025,-20.3575156972388,-4.70364,0.122922032310924,9.67653439292026,-31.4441557924493
2020-04-01,-39.1900000000002,-29.9965803811027,-98.6033549313437,-11.9088594547247,-16.2613,-3.826147266212,9.8718514325688,-29.2738975426507
2020-05-01,-32.3100000000004,-25.428507150852,-65.0532765742422,-17.7115751874963,-15.71516,-7.2653825888414,18.4294683926319,-21.7937565910764
2020-06-01,-17.8500000000004,-12.4178671423025,-32.6619345709711,-7.62930644381395,-10.50126,-8.30906389301634,19.0275298670154,-18.1585032868977
2020-07-01,-11.6299999999999,-5.87853901685868,-4.52999999999979,-9.75479046464845,-6.57889,-9.87009905688356,21.3771549881733,-12.2498278821842
2020-08-01,-9.71000000000005,-2.77727292883363,1.31000000000007,-21.9120337658155,-6.55004,-8.57126140884624,22.9527623435863,-2.77315608358303
2020-09-01,-6.94500000000007,-1.85215298227056,9.73000000000021,-11.4974078849977,-6.28076,-12.3059229442208,23.0800845328458,-8.43725178814562
2020-10-01,-3.78999999999968,-0.399158185080738,11.32,-2.83682493137974,-4.97235,-14.1085005430744,21.5817430821936,-12.2214814766436
2020-11-01,,-0.281037492300281,17.7200000000007,18.6285857317513,-5.40773,-13.9211005002274,20.9148760494045,-1.40198226915033
2020-12-01,,-0.349109442297768,,,-3.58249,,,1.44216177136167
2021-01-01,,,,,,,,
